Graphlet,Enrichment,Z,p_value
"((1, 2), (1, 3), (2, 3))",238.9326599326599,15.392753009527329,1.8307436548383918e-53
"((0, 2), (0, 2), (3, 3))",3.4639874757237545,8.57975693912666,9.50738236762338e-18
"((2, 2), (2, 3), (3, 3))",2.6447321624424722,5.983266661913604,2.187062677737843e-09
"((0, 2), (0, 3), (2, 3))",1.6027003965598063,3.0483668725961204,0.0023008883529429653
