Graphlet,Enrichment,Z,p_value
"((2, 3), (2, 4), (3, 5))",30.803571428571427,7.594212954176011,3.096687766055012e-14
"((0, 2), (0, 6), (3, 6))",23.958333333333336,4.690423484480705,2.726401719011893e-06
"((2, 4), (2, 5), (3, 3))",4.587765957446809,2.3688549858273564,0.01784324800871226
